{
  "ProjectName": "2_bit_register",
  "BuildVersion": "1.0.2",
  "CreationTime": "2023-03-30T11:47:50.5814845-03:00",
  "AllCreatedChips": [
    "OR",
    "NOR",
    "DLATCH",
    "2bitregisterassinc",
    "D flipflop",
    "1bitregister",
    "2_bit_register"
  ],
  "StarredChips": [
    "AND",
    "NOT",
    "OR",
    "NOR",
    "DLATCH",
    "2bitregisterassinc",
    "D flipflop",
    "1bitregister",
    "2_bit_register"
  ],
  "DisplayOptions": {
    "MainChipPinNameDisplayMode": 1,
    "SubChipPinNameDisplayMode": 1,
    "ShowCursorGuide": 0
  }
}