{
  "Name": "1bitregister",
  "Colour": "#50355D",
  "InputPins": [
    {
      "Name": "D",
      "ID": 217971847,
      "PositionY": 2.44444418,
      "ColourThemeName": "Red"
    },
    {
      "Name": "Store",
      "ID": 1681163175,
      "PositionY": 0.7407409,
      "ColourThemeName": "Red"
    },
    {
      "Name": "Clock",
      "ID": 1940683312,
      "PositionY": -1.25925922,
      "ColourThemeName": "Red"
    }
  ],
  "OutputPins": [
    {
      "Name": "Pin",
      "ID": 1687285617,
      "PositionY": 0.87962985,
      "ColourThemeName": "Red"
    }
  ],
  "SubChips": [
    {
      "Name": "NOT",
      "ID": 1408477057,
      "Points": [
        {
          "X": -4.18518543,
          "Y": 3.51851869
        }
      ],
      "Data": null
    },
    {
      "Name": "AND",
      "ID": 234976902,
      "Points": [
        {
          "X": -1.61111093,
          "Y": 2.25000024
        }
      ],
      "Data": null
    },
    {
      "Name": "AND",
      "ID": 1782064816,
      "Points": [
        {
          "X": -1.5092591,
          "Y": 3.50925922
        }
      ],
      "Data": null
    },
    {
      "Name": "OR",
      "ID": 2055806291,
      "Points": [
        {
          "X": 1.65740871,
          "Y": 3.50000048
        }
      ],
      "Data": null
    },
    {
      "Name": "D flipflop",
      "ID": 433111475,
      "Points": [
        {
          "X": 3.805556,
          "Y": 1.03703678
        }
      ],
      "Data": null
    }
  ],
  "Connections": [
    {
      "Source": {
        "PinType": 1,
        "SubChipID": 0,
        "PinID": 1940683312
      },
      "Target": {
        "PinType": 3,
        "SubChipID": 433111475,
        "PinID": 1769580992
      },
      "WirePoints": [
        {
          "X": -7.837778,
          "Y": -1.25925922
        },
        {
          "X": 2.955556,
          "Y": 0.862036765
        }
      ],
      "ColourThemeName": "Red"
    },
    {
      "Source": {
        "PinType": 1,
        "SubChipID": 0,
        "PinID": 217971847
      },
      "Target": {
        "PinType": 3,
        "SubChipID": 234976902,
        "PinID": 1
      },
      "WirePoints": [
        {
          "X": -7.837778,
          "Y": 2.44444418
        },
        {
          "X": -2.16111088,
          "Y": 2.13000035
        }
      ],
      "ColourThemeName": "Red"
    },
    {
      "Source": {
        "PinType": 1,
        "SubChipID": 0,
        "PinID": 1681163175
      },
      "Target": {
        "PinType": 3,
        "SubChipID": 1408477057,
        "PinID": 0
      },
      "WirePoints": [
        {
          "X": -7.837778,
          "Y": 0.7407409
        },
        {
          "X": -4.73518562,
          "Y": 3.51851869
        }
      ],
      "ColourThemeName": "Red"
    },
    {
      "Source": {
        "PinType": 1,
        "SubChipID": 0,
        "PinID": 1681163175
      },
      "Target": {
        "PinType": 3,
        "SubChipID": 234976902,
        "PinID": 0
      },
      "WirePoints": [
        {
          "X": -7.837778,
          "Y": 0.7407409
        },
        {
          "X": -2.16111088,
          "Y": 2.37000012
        }
      ],
      "ColourThemeName": "Red"
    },
    {
      "Source": {
        "PinType": 4,
        "SubChipID": 1408477057,
        "PinID": 1
      },
      "Target": {
        "PinType": 3,
        "SubChipID": 1782064816,
        "PinID": 1
      },
      "WirePoints": [
        {
          "X": -3.63518548,
          "Y": 3.51851869
        },
        {
          "X": -2.05925918,
          "Y": 3.38925934
        }
      ],
      "ColourThemeName": "Red"
    },
    {
      "Source": {
        "PinType": 4,
        "SubChipID": 433111475,
        "PinID": 1090911939
      },
      "Target": {
        "PinType": 3,
        "SubChipID": 1782064816,
        "PinID": 0
      },
      "WirePoints": [
        {
          "X": 4.655556,
          "Y": 1.03703678
        },
        {
          "X": -2.05925918,
          "Y": 3.629259
        }
      ],
      "ColourThemeName": "Red"
    },
    {
      "Source": {
        "PinType": 4,
        "SubChipID": 1782064816,
        "PinID": 2
      },
      "Target": {
        "PinType": 3,
        "SubChipID": 2055806291,
        "PinID": 443153173
      },
      "WirePoints": [
        {
          "X": -0.9592591,
          "Y": 3.50925922
        },
        {
          "X": 1.20740867,
          "Y": 3.62000036
        }
      ],
      "ColourThemeName": "Red"
    },
    {
      "Source": {
        "PinType": 4,
        "SubChipID": 234976902,
        "PinID": 2
      },
      "Target": {
        "PinType": 3,
        "SubChipID": 2055806291,
        "PinID": 787937156
      },
      "WirePoints": [
        {
          "X": -1.061111,
          "Y": 2.25000024
        },
        {
          "X": 1.20740867,
          "Y": 3.38000059
        }
      ],
      "ColourThemeName": "Red"
    },
    {
      "Source": {
        "PinType": 4,
        "SubChipID": 2055806291,
        "PinID": 116227204
      },
      "Target": {
        "PinType": 3,
        "SubChipID": 433111475,
        "PinID": 1456895460
      },
      "WirePoints": [
        {
          "X": 2.10740876,
          "Y": 3.50000048
        },
        {
          "X": 2.955556,
          "Y": 1.21203685
        }
      ],
      "ColourThemeName": "Red"
    },
    {
      "Source": {
        "PinType": 4,
        "SubChipID": 433111475,
        "PinID": 1090911939
      },
      "Target": {
        "PinType": 2,
        "SubChipID": 0,
        "PinID": 1687285617
      },
      "WirePoints": [
        {
          "X": 4.655556,
          "Y": 1.03703678
        },
        {
          "X": 7.837778,
          "Y": 0.87962985
        }
      ],
      "ColourThemeName": "Red"
    }
  ]
}