{
  "Name": "2_bit_register",
  "Colour": "#37452C",
  "InputPins": [
    {
      "Name": "D0",
      "ID": 6604575,
      "PositionY": 2.75925922,
      "ColourThemeName": "Red"
    },
    {
      "Name": "D1",
      "ID": 235870994,
      "PositionY": 1.52777791,
      "ColourThemeName": "Red"
    },
    {
      "Name": "Store",
      "ID": 754326212,
      "PositionY": -0.6851852,
      "ColourThemeName": "Red"
    },
    {
      "Name": "Clock",
      "ID": 813994175,
      "PositionY": -2.30555558,
      "ColourThemeName": "Red"
    }
  ],
  "OutputPins": [
    {
      "Name": "Pin",
      "ID": 944412111,
      "PositionY": 2.52777767,
      "ColourThemeName": "Red"
    },
    {
      "Name": "Pin",
      "ID": 2014770056,
      "PositionY": 1.111111,
      "ColourThemeName": "Red"
    }
  ],
  "SubChips": [
    {
      "Name": "1bitregister",
      "ID": 1965397367,
      "Points": [
        {
          "X": -1.388889,
          "Y": 3.101852
        }
      ],
      "Data": null
    },
    {
      "Name": "1bitregister",
      "ID": 341953239,
      "Points": [
        {
          "X": -1.43518507,
          "Y": 1.48148119
        }
      ],
      "Data": null
    }
  ],
  "Connections": [
    {
      "Source": {
        "PinType": 1,
        "SubChipID": 0,
        "PinID": 6604575
      },
      "Target": {
        "PinType": 3,
        "SubChipID": 1965397367,
        "PinID": 217971847
      },
      "WirePoints": [
        {
          "X": -7.837778,
          "Y": 2.75925922
        },
        {
          "X": -2.53388882,
          "Y": 3.341852
        }
      ],
      "ColourThemeName": "Red"
    },
    {
      "Source": {
        "PinType": 1,
        "SubChipID": 0,
        "PinID": 235870994
      },
      "Target": {
        "PinType": 3,
        "SubChipID": 341953239,
        "PinID": 217971847
      },
      "WirePoints": [
        {
          "X": -7.837778,
          "Y": 1.52777791
        },
        {
          "X": -2.580185,
          "Y": 1.7214812
        }
      ],
      "ColourThemeName": "Red"
    },
    {
      "Source": {
        "PinType": 1,
        "SubChipID": 0,
        "PinID": 754326212
      },
      "Target": {
        "PinType": 3,
        "SubChipID": 1965397367,
        "PinID": 1681163175
      },
      "WirePoints": [
        {
          "X": -7.837778,
          "Y": -0.6851852
        },
        {
          "X": -2.53388882,
          "Y": 3.101852
        }
      ],
      "ColourThemeName": "Red"
    },
    {
      "Source": {
        "PinType": 1,
        "SubChipID": 0,
        "PinID": 754326212
      },
      "Target": {
        "PinType": 3,
        "SubChipID": 341953239,
        "PinID": 1681163175
      },
      "WirePoints": [
        {
          "X": -7.837778,
          "Y": -0.6851852
        },
        {
          "X": -2.580185,
          "Y": 1.48148119
        }
      ],
      "ColourThemeName": "Red"
    },
    {
      "Source": {
        "PinType": 1,
        "SubChipID": 0,
        "PinID": 813994175
      },
      "Target": {
        "PinType": 3,
        "SubChipID": 1965397367,
        "PinID": 1940683312
      },
      "WirePoints": [
        {
          "X": -7.837778,
          "Y": -2.30555558
        },
        {
          "X": -2.53388882,
          "Y": 2.861852
        }
      ],
      "ColourThemeName": "Red"
    },
    {
      "Source": {
        "PinType": 1,
        "SubChipID": 0,
        "PinID": 813994175
      },
      "Target": {
        "PinType": 3,
        "SubChipID": 341953239,
        "PinID": 1940683312
      },
      "WirePoints": [
        {
          "X": -7.837778,
          "Y": -2.30555558
        },
        {
          "X": -2.580185,
          "Y": 1.24148118
        }
      ],
      "ColourThemeName": "Red"
    },
    {
      "Source": {
        "PinType": 4,
        "SubChipID": 1965397367,
        "PinID": 1687285617
      },
      "Target": {
        "PinType": 2,
        "SubChipID": 0,
        "PinID": 944412111
      },
      "WirePoints": [
        {
          "X": -0.243888974,
          "Y": 3.101852
        },
        {
          "X": 7.837778,
          "Y": 2.52777767
        }
      ],
      "ColourThemeName": "Red"
    },
    {
      "Source": {
        "PinType": 4,
        "SubChipID": 341953239,
        "PinID": 1687285617
      },
      "Target": {
        "PinType": 2,
        "SubChipID": 0,
        "PinID": 2014770056
      },
      "WirePoints": [
        {
          "X": -0.2901851,
          "Y": 1.48148119
        },
        {
          "X": 7.837778,
          "Y": 1.111111
        }
      ],
      "ColourThemeName": "Red"
    }
  ]
}