{
  "Name": "2bitregisterassinc",
  "Colour": "#1AD72E",
  "InputPins": [
    {
      "Name": "D0",
      "ID": 427870981,
      "PositionY": 2.47222233,
      "ColourThemeName": "Red"
    },
    {
      "Name": "D1",
      "ID": 1331842550,
      "PositionY": 0.351851583,
      "ColourThemeName": "Red"
    },
    {
      "Name": "Store",
      "ID": 901510413,
      "PositionY": -3.12962961,
      "ColourThemeName": "Red"
    }
  ],
  "OutputPins": [
    {
      "Name": "Pin",
      "ID": 2023627874,
      "PositionY": 2.44444418,
      "ColourThemeName": "Red"
    },
    {
      "Name": "Pin",
      "ID": 1706656145,
      "PositionY": 0.546296239,
      "ColourThemeName": "Red"
    }
  ],
  "SubChips": [
    {
      "Name": "DLATCH",
      "ID": 273723324,
      "Points": [
        {
          "X": -1.62962973,
          "Y": 2.268519
        }
      ],
      "Data": null
    },
    {
      "Name": "DLATCH",
      "ID": 293977408,
      "Points": [
        {
          "X": -1.648148,
          "Y": 0.7407409
        }
      ],
      "Data": null
    }
  ],
  "Connections": [
    {
      "Source": {
        "PinType": 1,
        "SubChipID": 0,
        "PinID": 427870981
      },
      "Target": {
        "PinType": 3,
        "SubChipID": 273723324,
        "PinID": 589423678
      },
      "WirePoints": [
        {
          "X": -7.837778,
          "Y": 2.47222233
        },
        {
          "X": -2.32962966,
          "Y": 2.38851881
        }
      ],
      "ColourThemeName": "Red"
    },
    {
      "Source": {
        "PinType": 1,
        "SubChipID": 0,
        "PinID": 1331842550
      },
      "Target": {
        "PinType": 3,
        "SubChipID": 293977408,
        "PinID": 589423678
      },
      "WirePoints": [
        {
          "X": -7.837778,
          "Y": 0.351851583
        },
        {
          "X": -2.34814787,
          "Y": 0.8607409
        }
      ],
      "ColourThemeName": "Red"
    },
    {
      "Source": {
        "PinType": 1,
        "SubChipID": 0,
        "PinID": 901510413
      },
      "Target": {
        "PinType": 3,
        "SubChipID": 273723324,
        "PinID": 1705519709
      },
      "WirePoints": [
        {
          "X": -7.837778,
          "Y": -3.12962961
        },
        {
          "X": -2.32962966,
          "Y": 2.148519
        }
      ],
      "ColourThemeName": "Red"
    },
    {
      "Source": {
        "PinType": 1,
        "SubChipID": 0,
        "PinID": 901510413
      },
      "Target": {
        "PinType": 3,
        "SubChipID": 293977408,
        "PinID": 1705519709
      },
      "WirePoints": [
        {
          "X": -7.837778,
          "Y": -3.12962961
        },
        {
          "X": -2.34814787,
          "Y": 0.6207409
        }
      ],
      "ColourThemeName": "Red"
    },
    {
      "Source": {
        "PinType": 4,
        "SubChipID": 273723324,
        "PinID": 1193152617
      },
      "Target": {
        "PinType": 2,
        "SubChipID": 0,
        "PinID": 2023627874
      },
      "WirePoints": [
        {
          "X": -0.929629743,
          "Y": 2.268519
        },
        {
          "X": 7.837778,
          "Y": 2.44444418
        }
      ],
      "ColourThemeName": "Red"
    },
    {
      "Source": {
        "PinType": 4,
        "SubChipID": 293977408,
        "PinID": 1193152617
      },
      "Target": {
        "PinType": 2,
        "SubChipID": 0,
        "PinID": 1706656145
      },
      "WirePoints": [
        {
          "X": -0.948147953,
          "Y": 0.7407409
        },
        {
          "X": 7.837778,
          "Y": 0.546296239
        }
      ],
      "ColourThemeName": "Red"
    }
  ]
}