{
  "Name": "D flipflop",
  "Colour": "#388056",
  "InputPins": [
    {
      "Name": "D",
      "ID": 1456895460,
      "PositionY": 2.15740728,
      "ColourThemeName": "Red"
    },
    {
      "Name": "Clock",
      "ID": 1769580992,
      "PositionY": 0.314815044,
      "ColourThemeName": "Red"
    }
  ],
  "OutputPins": [
    {
      "Name": "Pin",
      "ID": 1090911939,
      "PositionY": 1.83333337,
      "ColourThemeName": "Red"
    }
  ],
  "SubChips": [
    {
      "Name": "DLATCH",
      "ID": 248101678,
      "Points": [
        {
          "X": -3.925926,
          "Y": 2.43518543
        }
      ],
      "Data": null
    },
    {
      "Name": "DLATCH",
      "ID": 822007529,
      "Points": [
        {
          "X": -0.4537037,
          "Y": 1.05555534
        }
      ],
      "Data": null
    },
    {
      "Name": "NOT",
      "ID": 766633922,
      "Points": [
        {
          "X": -5.805556,
          "Y": 1.79629624
        }
      ],
      "Data": null
    }
  ],
  "Connections": [
    {
      "Source": {
        "PinType": 1,
        "SubChipID": 0,
        "PinID": 1456895460
      },
      "Target": {
        "PinType": 3,
        "SubChipID": 248101678,
        "PinID": 589423678
      },
      "WirePoints": [
        {
          "X": -7.837778,
          "Y": 2.15740728
        },
        {
          "X": -4.625926,
          "Y": 2.55518532
        }
      ],
      "ColourThemeName": "Red"
    },
    {
      "Source": {
        "PinType": 1,
        "SubChipID": 0,
        "PinID": 1769580992
      },
      "Target": {
        "PinType": 3,
        "SubChipID": 766633922,
        "PinID": 0
      },
      "WirePoints": [
        {
          "X": -7.837778,
          "Y": 0.314815044
        },
        {
          "X": -6.355556,
          "Y": 1.79629624
        }
      ],
      "ColourThemeName": "Red"
    },
    {
      "Source": {
        "PinType": 4,
        "SubChipID": 766633922,
        "PinID": 1
      },
      "Target": {
        "PinType": 3,
        "SubChipID": 248101678,
        "PinID": 1705519709
      },
      "WirePoints": [
        {
          "X": -5.25555563,
          "Y": 1.79629624
        },
        {
          "X": -4.625926,
          "Y": 2.31518555
        }
      ],
      "ColourThemeName": "Red"
    },
    {
      "Source": {
        "PinType": 1,
        "SubChipID": 0,
        "PinID": 1769580992
      },
      "Target": {
        "PinType": 3,
        "SubChipID": 822007529,
        "PinID": 1705519709
      },
      "WirePoints": [
        {
          "X": -7.837778,
          "Y": 0.314815044
        },
        {
          "X": -1.15370369,
          "Y": 0.935555339
        }
      ],
      "ColourThemeName": "Red"
    },
    {
      "Source": {
        "PinType": 4,
        "SubChipID": 248101678,
        "PinID": 1193152617
      },
      "Target": {
        "PinType": 3,
        "SubChipID": 822007529,
        "PinID": 589423678
      },
      "WirePoints": [
        {
          "X": -3.225926,
          "Y": 2.43518543
        },
        {
          "X": -1.15370369,
          "Y": 1.17555535
        }
      ],
      "ColourThemeName": "Red"
    },
    {
      "Source": {
        "PinType": 4,
        "SubChipID": 822007529,
        "PinID": 1193152617
      },
      "Target": {
        "PinType": 2,
        "SubChipID": 0,
        "PinID": 1090911939
      },
      "WirePoints": [
        {
          "X": 0.246296287,
          "Y": 1.05555534
        },
        {
          "X": 7.837778,
          "Y": 1.83333337
        }
      ],
      "ColourThemeName": "Red"
    }
  ]
}