{
  "Name": "DLATCH",
  "Colour": "#1C6F65",
  "InputPins": [
    {
      "Name": "Pin",
      "ID": 1705519709,
      "PositionY": -1.1018517,
      "ColourThemeName": "Red"
    },
    {
      "Name": "Pin",
      "ID": 589423678,
      "PositionY": 1.08333349,
      "ColourThemeName": "Red"
    }
  ],
  "OutputPins": [
    {
      "Name": "Pin",
      "ID": 1193152617,
      "PositionY": 1.50925934,
      "ColourThemeName": "Red"
    }
  ],
  "SubChips": [
    {
      "Name": "AND",
      "ID": 1877461735,
      "Points": [
        {
          "X": -3.87962985,
          "Y": 1.06481493
        }
      ],
      "Data": null
    },
    {
      "Name": "AND",
      "ID": 471452313,
      "Points": [
        {
          "X": -3.69444442,
          "Y": -1.5370369
        }
      ],
      "Data": null
    },
    {
      "Name": "NOT",
      "ID": 1418969575,
      "Points": [
        {
          "X": -5.5462966,
          "Y": -2.29629636
        }
      ],
      "Data": null
    },
    {
      "Name": "NOR",
      "ID": 298527392,
      "Points": [
        {
          "X": 0.9907403,
          "Y": -0.796296
        }
      ],
      "Data": null
    },
    {
      "Name": "NOR",
      "ID": 1649325217,
      "Points": [
        {
          "X": 0.518519163,
          "Y": 2.02777767
        }
      ],
      "Data": null
    }
  ],
  "Connections": [
    {
      "Source": {
        "PinType": 1,
        "SubChipID": 0,
        "PinID": 589423678
      },
      "Target": {
        "PinType": 3,
        "SubChipID": 1877461735,
        "PinID": 0
      },
      "WirePoints": [
        {
          "X": -7.837778,
          "Y": 1.08333349
        },
        {
          "X": -4.42963,
          "Y": 1.18481493
        }
      ],
      "ColourThemeName": "Red"
    },
    {
      "Source": {
        "PinType": 1,
        "SubChipID": 0,
        "PinID": 589423678
      },
      "Target": {
        "PinType": 3,
        "SubChipID": 1418969575,
        "PinID": 0
      },
      "WirePoints": [
        {
          "X": -7.837778,
          "Y": 1.08333349
        },
        {
          "X": -6.096297,
          "Y": -2.29629636
        }
      ],
      "ColourThemeName": "Red"
    },
    {
      "Source": {
        "PinType": 1,
        "SubChipID": 0,
        "PinID": 1705519709
      },
      "Target": {
        "PinType": 3,
        "SubChipID": 1877461735,
        "PinID": 1
      },
      "WirePoints": [
        {
          "X": -7.837778,
          "Y": -1.1018517
        },
        {
          "X": -4.42963,
          "Y": 0.9448149
        }
      ],
      "ColourThemeName": "Red"
    },
    {
      "Source": {
        "PinType": 1,
        "SubChipID": 0,
        "PinID": 1705519709
      },
      "Target": {
        "PinType": 3,
        "SubChipID": 471452313,
        "PinID": 0
      },
      "WirePoints": [
        {
          "X": -7.837778,
          "Y": -1.1018517
        },
        {
          "X": -4.24444437,
          "Y": -1.41703689
        }
      ],
      "ColourThemeName": "Red"
    },
    {
      "Source": {
        "PinType": 4,
        "SubChipID": 1418969575,
        "PinID": 1
      },
      "Target": {
        "PinType": 3,
        "SubChipID": 471452313,
        "PinID": 1
      },
      "WirePoints": [
        {
          "X": -4.99629641,
          "Y": -2.29629636
        },
        {
          "X": -4.24444437,
          "Y": -1.6570369
        }
      ],
      "ColourThemeName": "Red"
    },
    {
      "Source": {
        "PinType": 4,
        "SubChipID": 1877461735,
        "PinID": 2
      },
      "Target": {
        "PinType": 3,
        "SubChipID": 1649325217,
        "PinID": 1051086061
      },
      "WirePoints": [
        {
          "X": -3.32963,
          "Y": 1.06481493
        },
        {
          "X": -0.03148085,
          "Y": 2.14777756
        }
      ],
      "ColourThemeName": "Red"
    },
    {
      "Source": {
        "PinType": 4,
        "SubChipID": 471452313,
        "PinID": 2
      },
      "Target": {
        "PinType": 3,
        "SubChipID": 298527392,
        "PinID": 2008902818
      },
      "WirePoints": [
        {
          "X": -3.14444447,
          "Y": -1.5370369
        },
        {
          "X": 0.4407403,
          "Y": -0.916296
        }
      ],
      "ColourThemeName": "Red"
    },
    {
      "Source": {
        "PinType": 4,
        "SubChipID": 298527392,
        "PinID": 1175591028
      },
      "Target": {
        "PinType": 2,
        "SubChipID": 0,
        "PinID": 1193152617
      },
      "WirePoints": [
        {
          "X": 1.54074025,
          "Y": -0.796296
        },
        {
          "X": 7.837778,
          "Y": 1.50925934
        }
      ],
      "ColourThemeName": "Red"
    },
    {
      "Source": {
        "PinType": 4,
        "SubChipID": 298527392,
        "PinID": 1175591028
      },
      "Target": {
        "PinType": 3,
        "SubChipID": 1649325217,
        "PinID": 2008902818
      },
      "WirePoints": [
        {
          "X": 1.54074025,
          "Y": -0.796296
        },
        {
          "X": -0.03148085,
          "Y": 1.90777767
        }
      ],
      "ColourThemeName": "Red"
    },
    {
      "Source": {
        "PinType": 4,
        "SubChipID": 1649325217,
        "PinID": 1175591028
      },
      "Target": {
        "PinType": 3,
        "SubChipID": 298527392,
        "PinID": 1051086061
      },
      "WirePoints": [
        {
          "X": 1.06851912,
          "Y": 2.02777767
        },
        {
          "X": 0.4407403,
          "Y": -0.676296
        }
      ],
      "ColourThemeName": "Red"
    }
  ]
}