{
  "Name": "NOR",
  "Colour": "#836CC8",
  "InputPins": [
    {
      "Name": "Pin",
      "ID": 1051086061,
      "PositionY": 1.712963,
      "ColourThemeName": "Red"
    },
    {
      "Name": "Pin",
      "ID": 2008902818,
      "PositionY": -0.175925791,
      "ColourThemeName": "Red"
    }
  ],
  "OutputPins": [
    {
      "Name": "Pin",
      "ID": 1175591028,
      "PositionY": 0.7499999,
      "ColourThemeName": "Red"
    }
  ],
  "SubChips": [
    {
      "Name": "OR",
      "ID": 1490452517,
      "Points": [
        {
          "X": -2.17592621,
          "Y": 0.37037015
        }
      ],
      "Data": null
    },
    {
      "Name": "NOT",
      "ID": 1320490128,
      "Points": [
        {
          "X": 0.740741134,
          "Y": 0.3333336
        }
      ],
      "Data": null
    }
  ],
  "Connections": [
    {
      "Source": {
        "PinType": 1,
        "SubChipID": 0,
        "PinID": 1051086061
      },
      "Target": {
        "PinType": 3,
        "SubChipID": 1490452517,
        "PinID": 443153173
      },
      "WirePoints": [
        {
          "X": -7.837778,
          "Y": 1.712963
        },
        {
          "X": -2.62592626,
          "Y": 0.490370154
        }
      ],
      "ColourThemeName": "Red"
    },
    {
      "Source": {
        "PinType": 1,
        "SubChipID": 0,
        "PinID": 2008902818
      },
      "Target": {
        "PinType": 3,
        "SubChipID": 1490452517,
        "PinID": 787937156
      },
      "WirePoints": [
        {
          "X": -7.837778,
          "Y": -0.175925791
        },
        {
          "X": -2.62592626,
          "Y": 0.250370145
        }
      ],
      "ColourThemeName": "Red"
    },
    {
      "Source": {
        "PinType": 4,
        "SubChipID": 1490452517,
        "PinID": 116227204
      },
      "Target": {
        "PinType": 3,
        "SubChipID": 1320490128,
        "PinID": 0
      },
      "WirePoints": [
        {
          "X": -1.72592616,
          "Y": 0.37037015
        },
        {
          "X": 0.190741122,
          "Y": 0.3333336
        }
      ],
      "ColourThemeName": "Red"
    },
    {
      "Source": {
        "PinType": 4,
        "SubChipID": 1320490128,
        "PinID": 1
      },
      "Target": {
        "PinType": 2,
        "SubChipID": 0,
        "PinID": 1175591028
      },
      "WirePoints": [
        {
          "X": 1.29074121,
          "Y": 0.3333336
        },
        {
          "X": 7.837778,
          "Y": 0.7499999
        }
      ],
      "ColourThemeName": "Red"
    }
  ]
}