{
  "Name": "OR",
  "Colour": "#E979D6",
  "InputPins": [
    {
      "Name": "Pin",
      "ID": 443153173,
      "PositionY": 1.7037034,
      "ColourThemeName": "Red"
    },
    {
      "Name": "Pin",
      "ID": 787937156,
      "PositionY": 0.944443941,
      "ColourThemeName": "Red"
    }
  ],
  "OutputPins": [
    {
      "Name": "Pin",
      "ID": 116227204,
      "PositionY": 1.46296227,
      "ColourThemeName": "Red"
    }
  ],
  "SubChips": [
    {
      "Name": "AND",
      "ID": 2070495997,
      "Points": [
        {
          "X": -4.120371,
          "Y": 1.41666651
        }
      ],
      "Data": null
    },
    {
      "Name": "NOT",
      "ID": 2133694344,
      "Points": [
        {
          "X": -1.97222281,
          "Y": 1.43518507
        }
      ],
      "Data": null
    },
    {
      "Name": "NOT",
      "ID": 5981064,
      "Points": [
        {
          "X": -5.77777767,
          "Y": 1.62962973
        }
      ],
      "Data": null
    },
    {
      "Name": "NOT",
      "ID": 1114380538,
      "Points": [
        {
          "X": -5.77777767,
          "Y": 1.02777779
        }
      ],
      "Data": null
    }
  ],
  "Connections": [
    {
      "Source": {
        "PinType": 4,
        "SubChipID": 2070495997,
        "PinID": 2
      },
      "Target": {
        "PinType": 3,
        "SubChipID": 2133694344,
        "PinID": 0
      },
      "WirePoints": [
        {
          "X": -3.570371,
          "Y": 1.41666651
        },
        {
          "X": -2.52222276,
          "Y": 1.43518507
        }
      ],
      "ColourThemeName": "Red"
    },
    {
      "Source": {
        "PinType": 1,
        "SubChipID": 0,
        "PinID": 443153173
      },
      "Target": {
        "PinType": 3,
        "SubChipID": 5981064,
        "PinID": 0
      },
      "WirePoints": [
        {
          "X": -7.837778,
          "Y": 1.7037034
        },
        {
          "X": -6.327778,
          "Y": 1.62962973
        }
      ],
      "ColourThemeName": "Red"
    },
    {
      "Source": {
        "PinType": 4,
        "SubChipID": 5981064,
        "PinID": 1
      },
      "Target": {
        "PinType": 3,
        "SubChipID": 2070495997,
        "PinID": 0
      },
      "WirePoints": [
        {
          "X": -5.22777748,
          "Y": 1.62962973
        },
        {
          "X": -4.670371,
          "Y": 1.53666651
        }
      ],
      "ColourThemeName": "Red"
    },
    {
      "Source": {
        "PinType": 4,
        "SubChipID": 1114380538,
        "PinID": 1
      },
      "Target": {
        "PinType": 3,
        "SubChipID": 2070495997,
        "PinID": 1
      },
      "WirePoints": [
        {
          "X": -5.22777748,
          "Y": 1.02777779
        },
        {
          "X": -4.670371,
          "Y": 1.2966665
        }
      ],
      "ColourThemeName": "Red"
    },
    {
      "Source": {
        "PinType": 1,
        "SubChipID": 0,
        "PinID": 787937156
      },
      "Target": {
        "PinType": 3,
        "SubChipID": 1114380538,
        "PinID": 0
      },
      "WirePoints": [
        {
          "X": -7.837778,
          "Y": 0.944443941
        },
        {
          "X": -6.327778,
          "Y": 1.02777779
        }
      ],
      "ColourThemeName": "Red"
    },
    {
      "Source": {
        "PinType": 4,
        "SubChipID": 2133694344,
        "PinID": 1
      },
      "Target": {
        "PinType": 2,
        "SubChipID": 0,
        "PinID": 116227204
      },
      "WirePoints": [
        {
          "X": -1.42222285,
          "Y": 1.43518507
        },
        {
          "X": 7.837778,
          "Y": 1.46296227
        }
      ],
      "ColourThemeName": "Red"
    }
  ]
}